id,name,model_id:id,group_id/id,operation,domain
access_membership_membership_line_partner_manager,membership.membership_line partner_manager,model_membership_membership_line,base.group_partner_manager,crud,
access_membership_membership_line_employee,membership.membership_line,model_membership_membership_line,base.group_user,r,
access_report_membership,report.membership,model_report_membership,base.group_partner_manager,r,
access_membership_invoice,access.membership.invoice,model_membership_invoice,account.group_account_invoice,cru,
access_membership_membership_category_partner_manager,membership_membership_category group_partner_manager,model_membership_membership_category,base.group_partner_manager,crud,
access_membership_membership_category_membership_manager,membership_membership_category group_partner_manager,model_membership_membership_category,group_membership_manager,crud,
access_membership_membership_category,membership_membership_category group_user,model_membership_membership_category,base.group_user,r,
access_membership_membership_line_membership_manager,membership.membership_line partner_manager,model_membership_membership_line,group_membership_manager,crud,
access_product_membership_manager,product.template.user,product.model_product_template,base.group_user,crud,
membership_category_comp_rule,Membership Category Multi-company rule,model_membership_membership_category,,crud,"['|',('company_id','=',False),('company_id', 'in', company_ids)]"
